{"states":2,"pi":[0.75,0.25],"trans":[[0.875,0.125],[0.25,0.75]],"distributions":[{"type":"Discrete","n":6,"probs":[0.16666666666666666,0.16666666666666666,0.16666666666666666,0.16666666666666666,0.16666666666666666,0.16666666666666666]},{"type":"Discrete","n":6,"probs":[0.125,0.125,0.125,0.125,0.125,0.375]}]}
