"benchmark","main_median","perf_median","perf_vs_main_median_delta_pct","main_mean","perf_mean","main_stddev","perf_stddev"
"hmmlib","9367.9","9317","-0.5433448264819184","9309.140000000001","9289.279999999999","625.8642927983668","104.81577648426794"
"stochhmm_discrete","9008.5","9217.3","2.317810956319024","8924.98","9199.380000000001","305.1292054196056","112.49971999965126"
"stochhmm_continuous","7001.3","6946.3","-0.7855683944410323","6581.640000000001","6554.539999999999","747.6081212774511","560.5696995022117"
